Workbook

Sheet Petunjuk
A1: Lembar pengamat pilot PathSync (V3). Satu baris per peserta. Isi kolom kuning.
A2: Urutan: peserta ganjil melihat saran umum dulu, genap PathSync dulu (sudah terisi).
A3: T1-T5 dan T5a/T5b: pilih ya atau tidak. Waktu dalam menit (T2, T3) dan detik (T4).
A4: Q1-Q3: skala 1-5 untuk saran umum (U) dan PathSync (P). SUS1-SUS10: skala 1-5. Skor SUS dihitung otomatis.
A5: Jangan tulis nama peserta. Panduan lengkap: docs/validasi/V3_PILOT.md

Sheet Peserta
A1: kode | B1: tanggal | C1: prodi | D1: semester | E1: urutan | F1: bahasa UI | G1: T1 paham tujuan | H1: T2 sampai langkah pertama | I1: T2 menit | J1: T3 Quick Check selesai | K1: T3 menit | L1: T4 jawab benar | M1: T4 detik | N1: T5a Bottleneck | O1: T5b Prove It | P1: Q1 U | Q1: Q2 U | R1: Q3 U | S1: Q1 P | T1: Q2 P | U1: Q3 P | V1: SUS1 | W1: SUS2 | X1: SUS3 | Y1: SUS4 | Z1: SUS5 | AA1: SUS6 | AB1: SUS7 | AC1: SUS8 | AD1: SUS9 | AE1: SUS10 | AF1: skor SUS | AG1: paling membantu | AH1: membingungkan | AI1: pakai lagi? kenapa | AJ1: titik macet / catatan
A2: P01 | E2: Saran umum dulu | AF2: =IF(COUNT(V2:AE2)=10,((V2-1)+(X2-1)+(Z2-1)+(AB2-1)+(AD2-1)+(5-W2)+(5-Y2)+(5-AA2)+(5-AC2)+(5-AE2))*2.5,"")
A3: P02 | E3: PathSync dulu | AF3: =IF(COUNT(V3:AE3)=10,((V3-1)+(X3-1)+(Z3-1)+(AB3-1)+(AD3-1)+(5-W3)+(5-Y3)+(5-AA3)+(5-AC3)+(5-AE3))*2.5,"")
A4: P03 | E4: Saran umum dulu | AF4: =IF(COUNT(V4:AE4)=10,((V4-1)+(X4-1)+(Z4-1)+(AB4-1)+(AD4-1)+(5-W4)+(5-Y4)+(5-AA4)+(5-AC4)+(5-AE4))*2.5,"")
A5: P04 | E5: PathSync dulu | AF5: =IF(COUNT(V5:AE5)=10,((V5-1)+(X5-1)+(Z5-1)+(AB5-1)+(AD5-1)+(5-W5)+(5-Y5)+(5-AA5)+(5-AC5)+(5-AE5))*2.5,"")
A6: P05 | E6: Saran umum dulu | AF6: =IF(COUNT(V6:AE6)=10,((V6-1)+(X6-1)+(Z6-1)+(AB6-1)+(AD6-1)+(5-W6)+(5-Y6)+(5-AA6)+(5-AC6)+(5-AE6))*2.5,"")
A7: P06 | E7: PathSync dulu | AF7: =IF(COUNT(V7:AE7)=10,((V7-1)+(X7-1)+(Z7-1)+(AB7-1)+(AD7-1)+(5-W7)+(5-Y7)+(5-AA7)+(5-AC7)+(5-AE7))*2.5,"")
A8: P07 | E8: Saran umum dulu | AF8: =IF(COUNT(V8:AE8)=10,((V8-1)+(X8-1)+(Z8-1)+(AB8-1)+(AD8-1)+(5-W8)+(5-Y8)+(5-AA8)+(5-AC8)+(5-AE8))*2.5,"")
A9: P08 | E9: PathSync dulu | AF9: =IF(COUNT(V9:AE9)=10,((V9-1)+(X9-1)+(Z9-1)+(AB9-1)+(AD9-1)+(5-W9)+(5-Y9)+(5-AA9)+(5-AC9)+(5-AE9))*2.5,"")
A10: P09 | E10: Saran umum dulu | AF10: =IF(COUNT(V10:AE10)=10,((V10-1)+(X10-1)+(Z10-1)+(AB10-1)+(AD10-1)+(5-W10)+(5-Y10)+(5-AA10)+(5-AC10)+(5-AE10))*2.5,"")
A11: P10 | E11: PathSync dulu | AF11: =IF(COUNT(V11:AE11)=10,((V11-1)+(X11-1)+(Z11-1)+(AB11-1)+(AD11-1)+(5-W11)+(5-Y11)+(5-AA11)+(5-AC11)+(5-AE11))*2.5,"")
A12: P11 | E12: Saran umum dulu | AF12: =IF(COUNT(V12:AE12)=10,((V12-1)+(X12-1)+(Z12-1)+(AB12-1)+(AD12-1)+(5-W12)+(5-Y12)+(5-AA12)+(5-AC12)+(5-AE12))*2.5,"")
A13: P12 | E13: PathSync dulu | AF13: =IF(COUNT(V13:AE13)=10,((V13-1)+(X13-1)+(Z13-1)+(AB13-1)+(AD13-1)+(5-W13)+(5-Y13)+(5-AA13)+(5-AC13)+(5-AE13))*2.5,"")
... A21: P20 | E21: PathSync dulu | AF21: =IF(COUNT(V21:AE21)=10,((V21-1)+(X21-1)+(Z21-1)+(AB21-1)+(AD21-1)+(5-W21)+(5-Y21)+(5-AA21)+(5-AC21)+(5-AE21))*2.5,"")

Sheet Ringkasan
A1: ukuran | B1: nilai | C1: target
A2: jumlah peserta terisi | B2: =COUNTA(Peserta!G2:G21) | C2: 10-20
A3: sukses T1 paham tujuan | B3: =IFERROR(COUNTIF(Peserta!G2:G21,"ya")/COUNTA(Peserta!G2:G21),"") | C3: ≥ 80%
A4: sukses T2 sampai langkah pertama | B4: =IFERROR(COUNTIF(Peserta!H2:H21,"ya")/COUNTA(Peserta!H2:H21),"") | C4: ≥ 80%
A5: sukses T3 Quick Check selesai | B5: =IFERROR(COUNTIF(Peserta!J2:J21,"ya")/COUNTA(Peserta!J2:J21),"") | C5: ≥ 60%
A6: sukses T4 jawab benar | B6: =IFERROR(COUNTIF(Peserta!L2:L21,"ya")/COUNTA(Peserta!L2:L21),"") | C6: ≥ 80%
A7: sukses T5a Bottleneck | B7: =IFERROR(COUNTIF(Peserta!N2:N21,"ya")/COUNTA(Peserta!N2:N21),"") | C7: ≥ 80%
A8: sukses T5b Prove It | B8: =IFERROR(COUNTIF(Peserta!O2:O21,"ya")/COUNTA(Peserta!O2:O21),"") | C8: ≥ 80%
A9: median T2 menit | B9: =IFERROR(MEDIAN(Peserta!I2:I21),"") | C9: ≤ 5
A10: median T3 menit | B10: =IFERROR(MEDIAN(Peserta!K2:K21),"")
A11: median T4 detik | B11: =IFERROR(MEDIAN(Peserta!M2:M21),"") | C11: ≤ 30
A12: rata-rata Q1 saran umum | B12: =IFERROR(AVERAGE(Peserta!P2:P21),"")
A13: rata-rata Q1 PathSync | B13: =IFERROR(AVERAGE(Peserta!S2:S21),"") | C13: ≥ 4,0 untuk Q1
A14: rata-rata Q2 saran umum | B14: =IFERROR(AVERAGE(Peserta!Q2:Q21),"")
A15: rata-rata Q2 PathSync | B15: =IFERROR(AVERAGE(Peserta!T2:T21),"")
A16: rata-rata Q3 saran umum | B16: =IFERROR(AVERAGE(Peserta!R2:R21),"")
A17: rata-rata Q3 PathSync | B17: =IFERROR(AVERAGE(Peserta!U2:U21),"")
A18: rata-rata skor SUS | B18: =IFERROR(AVERAGE(Peserta!AF2:AF21),"") | C18: ≥ 70
