Workbook

Sheet Peserta
A1: kode | B1: tanggal | C1: prodi | D1: semester | E1: urutan | F1: T1 paham tujuan | G1: T2 sampai langkah pertama | H1: T2 menit | I1: T3 Quick Check selesai | J1: T3 menit | K1: T4 jawab benar | L1: T4 detik | M1: T5a Bottleneck | N1: T5b Prove It | O1: Q1 U | P1: Q2 U | Q1: Q3 U | R1: Q1 P | S1: Q2 P | T1: Q3 P | U1: SUS1 | V1: SUS2 | W1: SUS3 | X1: SUS4 | Y1: SUS5 | Z1: SUS6 | AA1: SUS7 | AB1: SUS8 | AC1: SUS9 | AD1: SUS10 | AE1: skor SUS | AF1: paling membantu | AG1: membingungkan | AH1: pakai lagi? kenapa | AI1: titik macet / catatan
A2: P01 | B2: 46308 | C2: Sistem Informasi | D2: 7 | E2: Saran umum dulu | F2: ya | G2: tidak | H2: 7.2 | I2: tidak | K2: ya | L2: 27 | M2: tidak | N2: tidak | O2: 2 | P2: 2 | Q2: 3 | R2: 2 | S2: 3 | T2: 4 | U2: 3 | V2: 3 | W2: 2 | X2: 3 | Y2: 3 | Z2: 3 | AA2: 4 | AB2: 2 | AC2: 4 | AD2: 4 | AE2: =IF(COUNT(U2:AD2)=10,((U2-1)+(W2-1)+(Y2-1)+(AA2-1)+(AC2-1)+(5-V2)+(5-X2)+(5-Z2)+(5-AB2)+(5-AD2))*2.5,"") -> 52.5 | AF2: Daftar skill di dashboard lumayan ngebantu, minimal jadi tahu skill apa aja yang dicari perusahaan. | AG2: Pas isi profil bingung transkrip mau ditempel di mana, kolomnya gak keliatan. | AH2: Belum yakin. Mungkin kalau bagian isi profilnya dibikin lebih simpel. | AI2: T2 gagal: macet di halaman profil ±7 menit, nyari tempat tempel transkrip. T3 tidak dikerjakan. T5a/T5b tidak bisa dijelaskan.
A3: P02 | B3: 46308 | C3: Sistem Informasi | D3: 7 | E3: PathSync dulu | F3: ya | G3: ya | H3: 4.5 | I3: tidak | J3: 3 | K3: ya | L3: 21 | M3: tidak | N3: tidak | O3: 3 | P3: 2 | Q3: 3 | R3: 3 | S3: 4 | T3: 3 | U3: 4 | V3: 2 | W3: 4 | X3: 1 | Y3: 5 | Z3: 3 | AA3: 2 | AB3: 1 | AC3: 3 | AD3: 2 | AE3: =IF(COUNT(U3:AD3)=10,((U3-1)+(W3-1)+(Y3-1)+(AA3-1)+(AC3-1)+(5-V3)+(5-X3)+(5-Z3)+(5-AB3)+(5-AD3))*2.5,"") -> 72.5 | AF3: Rute belajarnya urut dari yang dasar, jadi gak bingung mau mulai dari mana. | AG3: Soal Quick Check topiknya lompat-lompat, saya berhenti di tengah. | AH3: Iya kayaknya, bakal buka lagi tiap mau ambil kursus baru. | AI3: T3 berhenti di soal ke-3 (±3 menit), katanya topiknya ganti-ganti terus. T5a/T5b tidak bisa dijelaskan.
A4: P03 | B4: 46308 | C4: Teknik Industri | D4: 8 | E4: Saran umum dulu | F4: ya | G4: ya | H4: 4.1 | I4: tidak | J4: 3.1 | K4: ya | L4: 20 | M4: ya | N4: ya | O4: 3 | P4: 1 | Q4: 5 | R4: 2 | S4: 4 | T4: 4 | U4: 4 | V4: 2 | W4: 5 | X4: 2 | Y4: 4 | Z4: 2 | AA4: 3 | AB4: 1 | AC4: 3 | AD4: 2 | AE4: =IF(COUNT(U4:AD4)=10,((U4-1)+(W4-1)+(Y4-1)+(AA4-1)+(AC4-1)+(5-V4)+(5-X4)+(5-Z4)+(5-AB4)+(5-AD4))*2.5,"") -> 75 | AF4: Ada alasan kenapa satu skill didahulukan, bukan cuma daftar doang. | AG4: Beberapa soal Quick Check bahasanya terlalu teknis buat saya, jadinya nyerah. | AH4: Ya, soalnya rekomendasinya nyambung sama mata kuliah yang udah saya ambil. | AI4: T3 berhenti di soal ke-4, bilang soalnya terlalu teknis.
A5: P04 | B5: 46308 | C5: Manajemen | D5: 7 | E5: PathSync dulu | F5: ya | G5: ya | H5: 4.5 | I5: ya | J5: 7.2 | K5: tidak | L5: 31 | M5: ya | N5: tidak | O5: 4 | P5: 1 | Q5: 2 | R5: 3 | S5: 3 | T5: 3 | U5: 5 | V5: 2 | W5: 3 | X5: 3 | Y5: 3 | Z5: 3 | AA5: 4 | AB5: 3 | AC5: 4 | AD5: 4 | AE5: =IF(COUNT(U5:AD5)=10,((U5-1)+(W5-1)+(Y5-1)+(AA5-1)+(AC5-1)+(5-V5)+(5-X5)+(5-Z5)+(5-AB5)+(5-AD5))*2.5,"") -> 60 | AF5: Quick Check. Langsung ketahuan posisi saya di mana. | AG5: Nyari keterangan warna di Skill Map lama, tulisannya kecil banget. | AH5: Mungkin, asal rekomendasinya diperbarui terus. | AI5: T4 benar tapi 31 detik, sempat nyari legenda warna Skill Map. T5b tidak bisa menjelaskan Prove It.
A6: P05 | B6: 46309 | C6: Sistem Informasi | D6: 8 | E6: Saran umum dulu | F6: ya | G6: ya | H6: 4.4 | I6: ya | J6: 6.8 | K6: ya | L6: 18 | M6: ya | N6: ya | O6: 4 | P6: 2 | Q6: 4 | R6: 4 | S6: 4 | T6: 5 | U6: 5 | V6: 2 | W6: 3 | X6: 3 | Y6: 4 | Z6: 3 | AA6: 5 | AB6: 1 | AC6: 5 | AD6: 1 | AE6: =IF(COUNT(U6:AD6)=10,((U6-1)+(W6-1)+(Y6-1)+(AA6-1)+(AC6-1)+(5-V6)+(5-X6)+(5-Z6)+(5-AB6)+(5-AD6))*2.5,"") -> 80 | AF6: Bagian Your Next Step, jelas banget jadi tahu minggu ini harus ngapain. | AG6: Hampir semuanya jelas sih. Cuma tulisan Prove It awalnya saya kira tombol. | AH6: Iya, buat ngecek progres skill tiap beberapa minggu. | AI6: Sempat klik tulisan Prove It karena dikira tombol.
A7: P06 | B7: 46309 | C7: Manajemen | D7: 7 | E7: Saran umum dulu | F7: ya | G7: ya | H7: 3.9 | I7: ya | J7: 8.2 | K7: ya | L7: 17 | M7: ya | N7: ya | O7: 2 | P7: 3 | Q7: 3 | R7: 5 | S7: 4 | T7: 4 | U7: 4 | V7: 1 | W7: 5 | X7: 1 | Y7: 4 | Z7: 2 | AA7: 5 | AB7: 2 | AC7: 4 | AD7: 1 | AE7: =IF(COUNT(U7:AD7)=10,((U7-1)+(W7-1)+(Y7-1)+(AA7-1)+(AC7-1)+(5-V7)+(5-X7)+(5-Z7)+(5-AB7)+(5-AD7))*2.5,"") -> 87.5 | AF7: Skill Map. Warnanya enak dibaca, cepet ngerti mana yang kuat mana yang lemah. | AG7: Gak ada yang bikin bingung banget. Teks pembuka sebelum tombol mulai agak kepanjangan aja. | AH7: Iya, lebih terarah daripada baca-baca artikel sendiri.
A8: P07 | B8: 46309 | C8: Informatika | D8: 7 | E8: PathSync dulu | F8: ya | G8: ya | H8: 2.6 | I8: ya | J8: 7.1 | K8: ya | L8: 16 | M8: ya | N8: ya | O8: 3 | P8: 5 | Q8: 2 | R8: 3 | S8: 4 | T8: 4 | U8: 4 | V8: 1 | W8: 3 | X8: 2 | Y8: 4 | Z8: 3 | AA8: 3 | AB8: 3 | AC8: 4 | AD8: 2 | AE8: =IF(COUNT(U8:AD8)=10,((U8-1)+(W8-1)+(Y8-1)+(AA8-1)+(AC8-1)+(5-V8)+(5-X8)+(5-Z8)+(5-AB8)+(5-AD8))*2.5,"") -> 67.5 | AF8: Langkah pertamanya dikasih konkret. Biasanya saya bingung harus belajar dari mana dulu. | AG8: Istilah Bottleneck sama Prove It asing di awal, baru paham setelah baca penjelasannya. | AH8: Ya. Kalau nanti ada versi bahasa Indonesia lebih enak lagi.
A9: P08 | B9: 46309 | C9: Manajemen | D9: 6 | E9: PathSync dulu | F9: ya | G9: ya | H9: 3.1 | I9: ya | J9: 8.1 | K9: ya | L9: 15 | M9: tidak | N9: ya | O9: 4 | P9: 3 | Q9: 3 | R9: 4 | S9: 5 | T9: 3 | U9: 4 | V9: 3 | W9: 4 | X9: 2 | Y9: 4 | Z9: 1 | AA9: 4 | AB9: 2 | AC9: 4 | AD9: 2 | AE9: =IF(COUNT(U9:AD9)=10,((U9-1)+(W9-1)+(Y9-1)+(AA9-1)+(AC9-1)+(5-V9)+(5-X9)+(5-Z9)+(5-AB9)+(5-AD9))*2.5,"") -> 75 | AF9: Peta skill dan rute belajarnya rapi, urutannya kelihatan. | AG9: Saya gak tahu tanda Bottleneck itu artinya bagus atau jelek. | AH9: Ya, bakal saya buka lagi sebelum lamar magang semester depan. | AI9: T5a: mengira Bottleneck itu tanda error/negatif. Prove It dijelaskan dengan benar.
A10: P09 | B10: 46310 | C10: Sistem Informasi | D10: 9 | E10: Saran umum dulu | F10: ya | G10: ya | H10: 1.9 | I10: ya | J10: 8.1 | K10: ya | L10: 22 | M10: ya | N10: ya | O10: 3 | P10: 2 | Q10: 1 | R10: 3 | S10: 4 | T10: 3 | U10: 5 | V10: 3 | W10: 4 | X10: 3 | Y10: 4 | Z10: 3 | AA10: 4 | AB10: 1 | AC10: 4 | AD10: 3 | AE10: =IF(COUNT(U10:AD10)=10,((U10-1)+(W10-1)+(Y10-1)+(AA10-1)+(AC10-1)+(5-V10)+(5-X10)+(5-Z10)+(5-AB10)+(5-AD10))*2.5,"") -> 70 | AF10: Cepet banget kelihatan skill mana yang harus ditutup dulu sebelum lulus. | AG10: Loading halaman pertama agak lama, sempat kirain hang. | AH10: Ya, soalnya sebentar lagi lulus dan saya butuh arah.
A11: P10 | B11: 46310 | C11: Informatika | D11: 5 | E11: Saran umum dulu | F11: ya | G11: ya | H11: 2.8 | I11: ya | J11: 8.5 | K11: ya | L11: 29 | M11: ya | N11: tidak | O11: 2 | P11: 2 | Q11: 3 | R11: 4 | S11: 4 | T11: 4 | U11: 4 | V11: 2 | W11: 4 | X11: 1 | Y11: 4 | Z11: 2 | AA11: 5 | AB11: 2 | AC11: 5 | AD11: 2 | AE11: =IF(COUNT(U11:AD11)=10,((U11-1)+(W11-1)+(Y11-1)+(AA11-1)+(AC11-1)+(5-V11)+(5-X11)+(5-Z11)+(5-AB11)+(5-AD11))*2.5,"") -> 82.5 | AF11: Hasil Quick Check yang langsung nyambung ke skill yang mesti dipelajari. | AG11: Prove It. Saya gak ngerti bedanya sama Quick Check, sama-sama ngetes kan? | AH11: Iya, mau coba lagi semester depan. | AI11: T5b: menyebut Prove It sebagai 'tes ulang'. T4 29 detik (mepet).
A12: P11 | B12: 46310 | C12: Manajemen | D12: 8 | E12: PathSync dulu | F12: ya | G12: ya | H12: 2.6 | I12: ya | J12: 8.4 | K12: ya | L12: 25 | M12: ya | N12: tidak | O12: 3 | P12: 2 | Q12: 2 | R12: 5 | S12: 4 | T12: 4 | U12: 4 | V12: 2 | W12: 4 | X12: 4 | Y12: 3 | Z12: 1 | AA12: 2 | AB12: 2 | AC12: 4 | AD12: 2 | AE12: =IF(COUNT(U12:AD12)=10,((U12-1)+(W12-1)+(Y12-1)+(AA12-1)+(AC12-1)+(5-V12)+(5-X12)+(5-Z12)+(5-AB12)+(5-AD12))*2.5,"") -> 65 | AF12: Dashboard-nya ringkas, langsung ke inti. | AG12: Gak jelas satu langkah belajar itu sebaiknya dikerjain berapa lama. | AH12: Mungkin, tergantung rekomendasinya sering berubah atau nggak.
A13: P12 | B13: 46310 | C13: Sistem Informasi | D13: 9 | E13: Saran umum dulu | F13: ya | G13: ya | H13: 2.8 | I13: ya | J13: 6.3 | K13: tidak | L13: 44 | M13: tidak | N13: tidak | O13: 3 | P13: 2 | Q13: 2 | R13: 3 | S13: 4 | T13: 4 | U13: 2 | V13: 2 | W13: 4 | X13: 3 | Y13: 4 | Z13: 2 | AA13: 3 | AB13: 1 | AC13: 4 | AD13: 2 | AE13: =IF(COUNT(U13:AD13)=10,((U13-1)+(W13-1)+(Y13-1)+(AA13-1)+(AC13-1)+(5-V13)+(5-X13)+(5-Z13)+(5-AB13)+(5-AD13))*2.5,"") -> 67.5 | AF13: Bagian prasyarat antar skill di Skill Map. Baru sadar saya loncat dari dasar. | AG13: Kotak di Skill Map terlalu banyak, saya lama nyari yang dimaksud. | AH13: Ya sih, tapi mau lihat dulu rekomendasinya kalau pakai transkrip yang terbaru. | AI13: T4 44 detik, jawaban benar tapi lama (nyari di Skill Map). T5a dan T5b tidak bisa dijelaskan.
A14: P13 | B14: 46311 | C14: Teknik Industri | D14: 5 | E14: Saran umum dulu | F14: ya | G14: ya | H14: 4.8 | I14: ya | J14: 7.9 | K14: ya | L14: 20 | M14: ya | N14: ya | O14: 4 | P14: 3 | Q14: 4 | R14: 5 | S14: 3 | T14: 5 | U14: 5 | V14: 2 | W14: 3 | X14: 1 | Y14: 3 | Z14: 2 | AA14: 5 | AB14: 2 | AC14: 4 | AD14: 2 | AE14: =IF(COUNT(U14:AD14)=10,((U14-1)+(W14-1)+(Y14-1)+(AA14-1)+(AC14-1)+(5-V14)+(5-X14)+(5-Z14)+(5-AB14)+(5-AD14))*2.5,"") -> 77.5 | AF14: Quick Check. Lumayan seru, kayak ngetes diri sendiri sebelum dikasih saran. | AG14: Ngisi profil di awal lumayan panjang, hampir males. | AH14: Iya, apalagi kalau bisa dipakai tiap ada lowongan baru. | AI14: T2 4,8 menit (mepet batas 5), sempat bolak-balik di halaman profil.
A15: P14 | B15: 46311 | C15: Sistem Informasi | D15: 7 | E15: PathSync dulu | F15: ya | G15: ya | H15: 4.2 | I15: ya | J15: 6.1 | K15: ya | L15: 21 | M15: ya | N15: ya | O15: 3 | P15: 2 | Q15: 5 | R15: 4 | S15: 4 | T15: 4 | U15: 3 | V15: 3 | W15: 5 | X15: 2 | Y15: 4 | Z15: 2 | AA15: 4 | AB15: 2 | AC15: 3 | AD15: 2 | AE15: =IF(COUNT(U15:AD15)=10,((U15-1)+(W15-1)+(Y15-1)+(AA15-1)+(AC15-1)+(5-V15)+(5-X15)+(5-Z15)+(5-AB15)+(5-AD15))*2.5,"") -> 70 | AF15: Tampilannya gak ribet, tombolnya sedikit jadi gak pusing. | AG15: Kurang ngeh bedanya skill 'kuat' sama 'perlu dibuktikan' di Skill Map. | AH15: Ya, tapi lebih enak kalau UI-nya ada bahasa Indonesia.
A16: P15 | B16: 46311 | C16: Sistem Informasi | D16: 8 | E16: PathSync dulu | F16: tidak | G16: tidak | H16: 6 | I16: tidak | K16: ya | L16: 18 | M16: ya | N16: tidak | O16: 4 | P16: 1 | Q16: 3 | R16: 4 | S16: 2 | T16: 3 | U16: 3 | V16: 3 | W16: 3 | X16: 3 | Y16: 4 | Z16: 2 | AA16: 3 | AB16: 4 | AC16: 3 | AD16: 3 | AE16: =IF(COUNT(U16:AD16)=10,((U16-1)+(W16-1)+(Y16-1)+(AA16-1)+(AC16-1)+(5-V16)+(5-X16)+(5-Z16)+(5-AB16)+(5-AD16))*2.5,"") -> 52.5 | AF16: Penjelasan singkat di bawah rekomendasi, kenapa skill itu yang dipilih. | AG16: Dari awal saya kira ini situs buat cari lowongan kerja, jadi sempat salah arah. | AH16: Belum tahu, tadi masih bingung. Mungkin kalau ada panduan singkat di awal. | AI16: T1 tidak paham tujuan (mengira portal lowongan). Macet >2 menit setelah daftar, T2 gagal (6 menit). T3 dilewati.
A17: P16 | B17: 46311 | C17: Informatika | D17: 6 | E17: PathSync dulu | F17: ya | G17: ya | H17: 3.9 | I17: ya | J17: 6.8 | K17: ya | L17: 29 | M17: ya | N17: ya | O17: 3 | P17: 4 | Q17: 3 | R17: 3 | S17: 4 | T17: 5 | U17: 4 | V17: 2 | W17: 4 | X17: 2 | Y17: 4 | Z17: 2 | AA17: 4 | AB17: 2 | AC17: 4 | AD17: 1 | AE17: =IF(COUNT(U17:AD17)=10,((U17-1)+(W17-1)+(Y17-1)+(AA17-1)+(AC17-1)+(5-V17)+(5-X17)+(5-Z17)+(5-AB17)+(5-AD17))*2.5,"") -> 77.5 | AF17: Urutan belajarnya masuk akal, dari dasar baru ke yang lanjut. | AG17: Gak ada yang bikin bingung banget, paling ukuran tulisan di Skill Map. | AH17: Ya, langkah pertamanya jelas jadi bisa langsung saya kerjain malam ini.
A18: P17 | B18: 46312 | C18: Sistem Informasi | D18: 5 | E18: PathSync dulu | F18: ya | G18: ya | H18: 4 | I18: ya | J18: 5.6 | K18: ya | L18: 26 | M18: ya | N18: ya | O18: 3 | P18: 3 | Q18: 4 | R18: 4 | S18: 3 | T18: 4 | U18: 3 | V18: 2 | W18: 5 | X18: 3 | Y18: 3 | Z18: 2 | AA18: 4 | AB18: 3 | AC18: 3 | AD18: 2 | AE18: =IF(COUNT(U18:AD18)=10,((U18-1)+(W18-1)+(Y18-1)+(AA18-1)+(AC18-1)+(5-V18)+(5-X18)+(5-Z18)+(5-AB18)+(5-AD18))*2.5,"") -> 65 | AF18: Skill Map, jadi tahu skill mana yang udah lumayan. | AG18: Gak yakin hasil Quick Check seakurat apa buat nilai kemampuan saya, soalnya soalnya sedikit. | AH18: Mungkin, lihat dulu nanti rekomendasinya makin pas atau nggak.
A19: P18 | B19: 46312 | C19: Informatika | D19: 7 | E19: Saran umum dulu | F19: ya | G19: ya | H19: 3.9 | I19: ya | J19: 5.9 | K19: ya | L19: 12 | M19: tidak | N19: tidak | O19: 3 | P19: 2 | Q19: 2 | R19: 5 | S19: 3 | T19: 2 | U19: 4 | V19: 2 | W19: 4 | X19: 2 | Y19: 4 | Z19: 2 | AA19: 3 | AB19: 2 | AC19: 4 | AD19: 2 | AE19: =IF(COUNT(U19:AD19)=10,((U19-1)+(W19-1)+(Y19-1)+(AA19-1)+(AC19-1)+(5-V19)+(5-X19)+(5-Z19)+(5-AB19)+(5-AD19))*2.5,"") -> 72.5 | AF19: Dashboard-nya bersih, langkah pertama langsung kelihatan. | AG19: Gak ngerti arti Bottleneck sama Prove It, gak ada keterangan di dekat tombolnya. | AH19: Ya, tapi perlu penjelasan istilahnya dulu. | AI19: T5a dan T5b tidak bisa dijelaskan, komentar: 'istilahnya aneh'.
A20: P19 | B20: 46312 | C20: Teknik Industri | D20: 7 | E20: PathSync dulu | F20: ya | G20: ya | H20: 3.2 | I20: ya | J20: 8 | K20: ya | L20: 25 | M20: ya | N20: ya | O20: 3 | P20: 4 | Q20: 4 | R20: 4 | S20: 3 | T20: 3 | U20: 4 | V20: 2 | W20: 4 | X20: 2 | Y20: 4 | Z20: 3 | AA20: 4 | AB20: 2 | AC20: 4 | AD20: 2 | AE20: =IF(COUNT(U20:AD20)=10,((U20-1)+(W20-1)+(Y20-1)+(AA20-1)+(AC20-1)+(5-V20)+(5-X20)+(5-Z20)+(5-AB20)+(5-AD20))*2.5,"") -> 72.5 | AF20: Quick Check cepet, jawabannya langsung ada feedback jadi gak nunggu lama. | AG20: Gak yakin kenapa skill tertentu ditandai mendesak. | AH20: Ya, bakal saya pakai buat siap-siap magang.
A21: P20 | B21: 46312 | C21: Sistem Informasi | D21: 7 | E21: Saran umum dulu | F21: ya | G21: ya | H21: 3.8 | I21: ya | J21: 5.1 | K21: ya | L21: 24 | M21: ya | N21: ya | O21: 4 | P21: 3 | Q21: 2 | R21: 5 | S21: 3 | T21: 4 | U21: 5 | V21: 3 | W21: 5 | X21: 3 | Y21: 5 | Z21: 1 | AA21: 5 | AB21: 3 | AC21: 4 | AD21: 2 | AE21: =IF(COUNT(U21:AD21)=10,((U21-1)+(W21-1)+(Y21-1)+(AA21-1)+(AC21-1)+(5-V21)+(5-X21)+(5-Z21)+(5-AB21)+(5-AD21))*2.5,"") -> 80 | AF21: Skill dari transkrip yang saya tempel kebaca otomatis, jadi gak perlu isi manual satu-satu. | AG21: Setelah tempel transkrip, saya ragu semua mata kuliah ke-detect. | AH21: Iya, karena jadi sadar harus mulai dari mana. | AI21: Sempat cek ulang transkrip untuk memastikan semua mata kuliah terbaca.

Sheet Ringkasan
A1: ukuran | B1: nilai | C1: target
A2: jumlah peserta terisi | B2: =COUNTA(Peserta!F2:F21) -> 20 | C2: 10-20
A3: sukses T1 paham tujuan | B3: =IFERROR(COUNTIF(Peserta!F2:F21,"ya")/COUNTA(Peserta!F2:F21),"") -> 0.95 | C3: ≥ 80%
A4: sukses T2 sampai langkah pertama | B4: =IFERROR(COUNTIF(Peserta!G2:G21,"ya")/COUNTA(Peserta!G2:G21),"") -> 0.9 | C4: ≥ 80%
A5: sukses T3 Quick Check selesai | B5: =IFERROR(COUNTIF(Peserta!I2:I21,"ya")/COUNTA(Peserta!I2:I21),"") -> 0.8 | C5: ≥ 60%
A6: sukses T4 jawab benar | B6: =IFERROR(COUNTIF(Peserta!K2:K21,"ya")/COUNTA(Peserta!K2:K21),"") -> 0.9 | C6: ≥ 80%
A7: sukses T5a Bottleneck | B7: =IFERROR(COUNTIF(Peserta!M2:M21,"ya")/COUNTA(Peserta!M2:M21),"") -> 0.75 | C7: ≥ 80%
A8: sukses T5b Prove It | B8: =IFERROR(COUNTIF(Peserta!N2:N21,"ya")/COUNTA(Peserta!N2:N21),"") -> 0.6 | C8: ≥ 80%
A9: median T2 menit | B9: =IFERROR(MEDIAN(Peserta!H2:H21),"") -> 3.9 | C9: ≤ 5
A10: median T3 menit | B10: =IFERROR(MEDIAN(Peserta!J2:J21),"") -> 6.95
A11: median T4 detik | B11: =IFERROR(MEDIAN(Peserta!L2:L21),"") -> 21.5 | C11: ≤ 30
A12: rata-rata Q1 saran umum | B12: =IFERROR(AVERAGE(Peserta!O2:O21),"") -> 3.15
A13: rata-rata Q1 PathSync | B13: =IFERROR(AVERAGE(Peserta!R2:R21),"") -> 3.75 | C13: ≥ 4,0 untuk Q1
A14: rata-rata Q2 saran umum | B14: =IFERROR(AVERAGE(Peserta!P2:P21),"") -> 2.45
A15: rata-rata Q2 PathSync | B15: =IFERROR(AVERAGE(Peserta!S2:S21),"") -> 3.6
A16: rata-rata Q3 saran umum | B16: =IFERROR(AVERAGE(Peserta!Q2:Q21),"") -> 3
A17: rata-rata Q3 PathSync | B17: =IFERROR(AVERAGE(Peserta!T2:T21),"") -> 3.75
A18: rata-rata skor SUS | B18: =IFERROR(AVERAGE(Peserta!AE2:AE21),"") -> 71.125 | C18: ≥ 70
